A,airportZone,
AAE,|FR|Algerian x2,
AAE,Mediterranean Black Sea,
AAL,Atlantic Fishing,
AAL,Healthcare,
AAL,Jutland capital journeys,
AAL,Wind Energy,
AAN,|AE|Malayali,
AAR,Dairy,
ABA,Aluminum,
ABJ,Agriculture,
ABJ,Logistics MEA,
ABJ,Spices / Tropical Ag,
ABQ,Academia,
ABQ,Hispanic|,
ABQ,Renewable Energy,
ABQ,UFOs,
ABV,|US|Nigerian,
ABV,Bureaucracy,
ABY,Cotton,
ABZ,Atlantic Fishing,
ABZ,Offshore Oil,
ABZ,Oil,
ABZ,Whiskey,
ACA,|US|Guerrero & Oaxaca,
ACC,|NL|Ghanaian,
ACC,Agriculture,
ACC,Spices / Tropical Ag,
ACE,Atlantic Fishing,
ACK,Wind Energy,
ACT,Ranching,
ACV,|US|Guerrero & Oaxaca,
ACV,Drug trafficking,
ACV,Forestry,Arcata/Eureka
ACY,Casinos,
AD1,Offshore Oil,oil platform
ADA,|DK|Turkish,
ADA,|NL|Turkish,
ADA,Agriculture,
ADB,|DK|Turkish,
ADB,|NL|Turkish,
ADB,Wind Energy,
ADD,|IE|Ethiopian,
ADD,|US|Ethiopian,
ADD,|ZA|Ethiopian,
ADD,Bureaucracy,
ADD,Coffee,
ADD,Logistics MEA,
ADL,|AU|Indian,
ADL,Viticulture,
ADQ,Arctic Fishing,
ADZ,Coffee,
AEP,|US|Jewish,
AEP,Agribusiness,
AEP,Loves Florianopolis x2|,
AES,Atlantic Fishing,
AEY,Geothermal,
AGA,Atlantic Fishing,
AGM,Arctic Fishing,
AGP,|ES|Ecuadorian,
AGP,Mediterranean Ag,
AGP,Telco,
AGR,Footwear,
AGS,Golf,
AGT,German|,
AGT,Spices / Tropical Ag,
AGU,|US|Durango & Zacatecas,
AHB,|SA|Pakistani,
AHB,Petrochemicals,
AIP,|CA|Punjabi,
AJF,Offshore Oil,
AKL,|NZ|Indian,
AKL,|NZ|Samoan,
AKL,Dairy,
AKL,Logistics APAC,
AKN,Arctic Fishing,
AKU,Cotton,
AKU,Sunni|,
ALA,LNG,
ALA,Logistics CIS,
ALA,Oil,
ALB,Dairy,
ALB,Loves DR x2|,
ALC,British Sunny Vacay x2|,
ALC,Mediterranean Ag,
ALC,Petrochemicals,
ALG,|CA|Algerian,
ALG,|FR|Algerian x2,
ALG,Logistics EU Med,
ALG,Oil,
ALO,Wind Energy,
ALP,|BR|Syrian,
ALP,|NL|Syrian,
ALS,UFOs,
AMA,Ranching,
AMA,UFOs,
AMA,Wind Energy,
AMD,|KE|Gujarati,
AMD,Dairy,
AMD,Pharma,
AMD,Textiles,
AMH,|US|Ethiopian,
AMH,|ZA|Ethiopian,
AMM,Healthcare,
AMS,|NL|Ghanaian,
AMS,|NL|Indonesian,
AMS,|NL|Moroccan,
AMS,|NL|Surinamese,
AMS,|NL|Turkish,
AMS,Diamonds,
AMS,Drug trafficking,
AMS,Horticulture,
AMS,Semiconductors,
ANC,|US|Samoan,
ANC,Arctic Fishing,
ANC,Arctic Oil,Anchorage Alaska
ANC,LNG,
ANF,Copper,Antofagasta Chile
ANR,Diamonds,
ANR,Drug trafficking,
ANR,Global Logistics,
ANR,Logistics EU Med,
ANR,Loves Tiroler Unterlan x2|,
ANR,Telco,
ANX,Atlantic Fishing,
AOG,Steel,
AOI,Footwear,
APL,Agriculture,
APN,Maple Syrup,
AQ0,Academia,
AQP,Copper,Arequipa Peru
ARH,Arctic Fishing,
ARH,Forestry,
ARK,Nordic / Lutheran|,
ARM,Ranching,
ARN,|NL|Syrian,
ARN,|SE|Iraqi,
ARN,Industrial automation,
ARN,Software,
ARN,Telco,
ARU,Sugar,
ASB,LNG,
ASB,Oil,
ASR,CPG & Retail,
AT2,Offshore Oil,oil platform
ATH,|AU|Greek,
ATH,Marine,
ATL,|US|Colombian,
ATL,|US|Korean,
ATL,|US|Nigerian,
ATL,CPG & Retail,Coca Cola
ATL,Defense,
ATL,Logistics NAC,
ATL,Loves DR x2|,
ATQ,|CA|Punjabi,
ATQ,Agriculture,
ATQ,Cotton,
ATW,Nordic / Lutheran|,
AUH,|AE|Malayali,
AUH,|AE|Pakistani,
AUH,Aluminum,
AUH,Banking,
AUH,Oil Refining,
AUS,|US|Durango & Zacatecas,
AUS,|US|Pakistani,
AUS,Academia,
AUS,Apple,
AUS,Renewable Energy,
AUS,Semiconductors,
AUS,Software,
AVA,Rice,
AVL,Academia,University of North Carolina at Asheville
AVL,Paper & Furniture,Asheville
AVV,|AU|Indian,
AVV,|AU|Italian,
AWZ,Oil Refining,
AWZ,Petrochemicals,
AWZ,Steel,
AXD,Mediterranean Black Sea,
AYT,Russian Vacay Destination x2|,
AZS,Sugar,
BAH,Aluminum,
BAH,LNG,
BAH,Offshore Oil,
BAQ,|CL|Colombian,
BAQ,|MX|Colombian,
BAQ,|US|Colombian,
BAR,Rice,
BAV,Aluminum,
BAV,Rare earths,Baotou
BBI,Rice,
BBK,Gemstones,
BCN,|ES|Ecuadorian,
BCN,Textiles,
BDA,High finance,
BDB,Sugar,
BDJ,Diamonds,
BDL,|US|Irish American,
BDL,|US|Polish,
BDL,|US|Stateside Puerto Ricans,
BDL,Academia,University of Connecticut
BDL,Loves DR x2|,
BDO,Spices / Tropical Ag,
BDQ,Dairy,
BDU,Defense,
BEG,|DE|Serbian,
BEG,|FR|Serbian,
BEG,Agriculture,
BEG,Logistics EU Med,
BEL,|BR|Nikkei,
BEL,Agribusiness,
BEL,Amazonia,
BER,|DE|Iranian,
BER,|DE|Serbian,
BER,|DE|Turkish,
BER,Entertainment,
BER,Industrial automation,
BER,Renewable Energy,
BER,Telco,
BES,Marine,
BET,Arctic Oil,Bethel Alaska
BEY,Shia|,
BFI,Academia,University Washington
BFI,Aerospace,
BFL,Hispanic|,
BFL,Logistics NAC,Bakersfield CA
BFL,Mediterranean Ag,Bakersfield CA
BGO,Atlantic Fishing,
BGO,Marine,
BGO,Offshore Oil,
BGO,Wind Energy,
BGW,|SE|Iraqi,
BGW,|TR|Iraqi,
BGW,Shia|,
BGY,|IT|Romanian,
BGY,Banking,
BGY,Dairy,
BGY,Footwear,
BHE,Viticulture,Blenheim New Zealand
BHE,Viticulture,
BHJ,|KE|Gujarati,
BHM,Academia,
BHM,Heavy industry,
BHX,|GB|Indian,
BIL,Forestry,Billings
BIO,Renewable Energy,
BIQ,Surfing,
BIS,Nordic / Lutheran|,
BJA,|FR|Algerian x2,
BJR,|ZA|Ethiopian,
BJX,Footwear,
BJX,Textiles,
BKI,Spices / Tropical Ag,Kota Kinabalu
BKK,|TH|Chinese,
BKK,Banking,
BKK,CPG & Retail,
BKK,Electronics,
BKS,Geothermal,
BLA,Oil,
BLJ,|FR|Algerian x2,
BLL,Dairy,
BLL,Toys,
BLL,Wind Energy,
BLQ,Automotive,
BLQ,CPG & Retail,
BLR,|AE|Kannada,
BLR,|OM|Kannada,
BLR,Software,
BLR,Sunni|,
BLR,Telco,
BMI,Academia,
BNA,Automotive,
BNA,CPG & Retail,
BNA,Entertainment,
BNA,Healthcare,
BNA,US Finance,
BND,Logistics MEA,
BNE,|AU|Chinese,
BNE,|AU|Indian,
BNE,|AU|Vietnamese,
BNE,Logistics APAC,
BNE,Renewable Energy,
BOD,|FR|Algerian x2,
BOD,Viticulture,
BOG,|CL|Colombian,
BOG,|MX|Colombian,
BOG,|US|Colombian,
BOG,Andean connect,
BOG,Coffee,
BOG,Colonial ties bind,
BOG,Horticulture,
BOH,Healthcare,
BOI,Forestry,Boise
BOI,Healthcare,
BOI,Paper & Furniture,
BOJ,Agriculture,
BOJ,Mediterranean Black Sea,
BOM,|SG|Marathi,
BOM,Banking,
BOM,Bollywood 2 Bureaucracy x2,
BOM,Diamonds,
BOM,Entertainment,
BOM,Sunni|,
BOM,Textiles,
BOS,|US|Brazilian,
BOS,|US|Irish American,
BOS,Academia,Harvard University
BOS,Banking,
BOS,Life sciences,
BOS,Software,
BOS,US Finance,
BOX,Zinc-lead,
BPN,Nickel,
BPN,Oil,Balikpapan Indonesia
BPT,Oil Refining,
BQS,Defense RU,
BRD,Paper & Furniture,Brainerd
BRE,Agribusiness,
BRE,Loves Arctic|,
BRE,Loves Bolzano x2|,
BRE,Nordic / Lutheran|,
BRE,Wind Energy,
BRI,Viticulture,
BRO,Aerospace,
BRO,Hispanic|,
BRS,Aerospace,
BRU,|CD|Congolese,
BRU,Bureaucracy,
BRU,CPG & Retail,
BRU,Pharma,
BRW,Arctic Oil,Barrow Alaska
BRW,LNG,
BRX,Sugar,
BSB,Agribusiness,
BSB,Bureaucracy,
BSB,Coffee,
BSL,Life sciences,
BSR,|SE|Iraqi,
BSR,|TR|Iraqi,
BSR,Oil,
BSR,Shia|,
BTJ,Indian Ocean Fishing,
BTJ,Surfing,
BTK,Gold,Bratsk (Lena goldfields) Russia
BTM,Zinc-lead,
BTR,Academia,LSU
BTR,LNG,
BTR,Oil Refining,
BTS,Appliances,
BTS,Automotive,
BTU,LNG,
BTV,Academia,University of Vermont
BTV,Dairy,
BTV,Maple Syrup,
BUD,Automotive,
BUD,Pharma,
BUF,Agribusiness,
BUF,Heavy industry,
BUF,Life sciences,
BUF,Toys,Fisher-Price
BUQ,Logistics MEA,
BUQ,Zim Connect x2,
BUR,Aerospace,
BUR,Entertainment,
BUR,Hispanic|,
BUR,SoCal NoCal,
BUZ,Logistics MEA,
BUZ,Marine,
BUZ,Petrochemicals,
BVA,|FR|Algerian x2,
BVA,|FR|Moroccan,
BVA,|FR|Polish,
BVA,|FR|Serbian,
BVA,|FR|Tunisian x2,
BVA,Aerospace,
BVA,Software,
BWI,|US|Guatemalan,
BWI,|US|Nigerian,
BWI,|US|Salvadoran,
BWI,Defense,
BWI,Logistics NAC,
BWN,LNG,
BWN,Oil,
BWN,Sinophone|,
BWN,Spices / Tropical Ag,
BZL,Rice,
BZO,Loves Bolzano x2|,
CAB,Francophonie|,
CAE,Academia,
CAE,Healthcare,
CAG,Mediterranean Ag,
CAH,Seafood,
CAI,Agriculture,
CAK,LNG,
CAN,Cantonese|,
CAN,Chinese Tourism|,
CAN,Electronics,
CAN,Footwear,
CAN,Software,
CAN,Textiles,
CAN,Toys,
CAY,Aerospace,
CAZ,Copper,Cobar
CAZ,Gold,Cobar (various mines) New South Wales
CBB,|AR|Bolivian,
CBB,|BR|Bolivian,
CBR,Bureaucracy,
CCJ,|AE|Malayali,
CCJ,|MY|Malayali,
CCJ,|OM|Malayali,
CCJ,|SA|Malayali,
CCJ,Sunni|,
CCP,Heavy industry,
CCP,Viticulture,Itata Valley
CCS,|CL|Venezuelan,
CCS,|PE|Venezuelan,
CCS,|US|Venezuelan,
CCS,Oil,
CCU,|CA|Bengali,
CCU,|US|Bengali,
CCU,Bengali|,
CCU,Logistics APAC,
CCU,Sunni|,
CCU,Tea,
CDG,|FR|Algerian x2,
CDG,|FR|Jewish,
CDG,|FR|Moroccan,
CDG,|FR|Polish,
CDG,Automotive,
CDG,Banking,
CDG,Life sciences,Sciences Po
CDG,Software,
CEB,Appliances,
CEB,Chinese Tourism|,
CEB,Electronics,
CEC,Forestry,
CEE,Paper & Furniture,
CEI,Gemstones,
CEN,Copper,
CFB,Offshore Oil,
CGB,Gold,
CGB,Ranching,
CGB,Sugar,
CGH,|US|Brazilian,
CGH,Agribusiness,
CGH,Banking,
CGH,Healthcare,
CGH,Logistics LATAM,
CGJ,Copper,Chingola Zambia
CGK,|ID|Chinese,
CGK,|ID|Tamil,
CGK,|NL|Indonesian,
CGK,Coffee,
CGK,CPG & Retail,
CGK,Tea,
CGN,Banking,
CGN,Life sciences,
CGN,Loves Arctic|,
CGN,Loves Bolzano x2|,
CGO,|CA|Chinese,
CGO,Agribusiness,
CGO,Apple,
CGO,Automotive,
CGO,Chinese Tourism|,
CGO,Cotton,
CGQ,Nickel,
CGQ,Zinc-lead,
CGR,|BR|Nikkei,
CGR,Agribusiness,
CHC,|NZ|Indian,
CHC,|NZ|Samoan,
CHC,Agribusiness,
CHC,Dairy,
CHC,Logistics APAC,
CHO,Academia,University of Virginia
CHS,Aerospace,
CIA,|IT|Romanian,
CID,Academia,University of Iowa
CIU,Forestry,
CJB,|AE|Tamil,
CJB,|ID|Tamil,
CJB,|MY|Tamil,
CJB,Healthcare,
CJB,Tea,
CJB,Textiles,
CJC,Copper,Calama Chile
CJC,Gemstones,
CJS,Electronics,
CJS,Logistics NAC,
CKG,|AU|Chinese,
CKG,|CA|Chinese,
CKG,|ID|Chinese,
CKG,|TH|Chinese,
CKG,|US|Chinese,
CKG,Automotive,
CKG,Chinese Tourism|,
CKG,Logistics APAC,
CKG,Rice,
CKZ,Mediterranean Black Sea,
CLE,|US|Stateside Puerto Ricans,
CLE,Aerospace,
CLE,Appliances,Whirlpool
CLE,Healthcare,
CLE,Loves DR x2|,
CLO,|CL|Colombian,
CLO,|MX|Colombian,
CLO,|US|Colombian,
CLO,Agribusiness,
CLO,Drug trafficking,
CLQ,|US|Jalisco & Michoacán,
CLT,Industrial automation,
CLT,Loves DR x2|,
CLT,US Finance,
CLV,Ranching,
CMB,Gemstones,
CMB,Indian Ocean Fishing,
CMB,Tea,
CMB,Textiles,
CME,Offshore Oil,
CMG,|BR|Nikkei,
CMH,|US|Jalisco & Michoacán,
CMH,|US|Somali,
CMH,Academia,Ohio State University
CMH,Logistics NAC,
CMH,Semiconductors,
CMH,US Finance,
CMI,Academia,University of Illinois
CMN,|CA|Moroccan,
CMN,|FR|Moroccan,
CMN,|NL|Moroccan,
CMN,Logistics EU Med,
CMN,Logistics MEA,
CND,Mediterranean Black Sea,
CNF,Agribusiness,
CNF,Automotive,
CNF,Coffee,
CNF,Dairy,
CNJ,Gold,Cloncurry (Ernest Henry Mine) Queensland
CNN,|AE|Malayali,
CNN,|MY|Malayali,
CNN,|OM|Malayali,
CNN,|SA|Malayali,
CNS,|AU|Indian,
CNS,Pacific Fishing,
CNS,Sugar,
CNX,Chinese Tourism|,
CNX,Spices / Tropical Ag,
CNX,Sugar,
COK,|AE|Malayali,
COK,|MY|Malayali,
COK,|OM|Malayali,
COK,|SA|Malayali,
COK,Indian Ocean Fishing,
COK,Rare earths,
COK,Textiles,
COR,Agribusiness,
COR,CPG & Retail,Arcor
COR,Loves Florianopolis x2|,
COR,Ranching,
CPD,Oil Fracking,
CPH,|DK|Turkish,
CPH,Dairy,
CPH,Jutland capital journeys,
CPH,Life sciences,
CPH,Marine,
CPH,Renewable Energy,
CPH,Wind Energy,
CPO,Copper,Copiapó Chile
CPT,Logistics MEA,
CPT,Mediterranean Ag,
CPT,Viticulture,
CRK,|IE|Filipino,
CRK,|IT|Filipino,
CRK,|US|Filipino,
CRK,CPG & Retail,
CRK,Electronics,
CRL,Healthcare,
CRP,Hispanic|,
CRP,Offshore Oil,
CRP,Ranching,
CRP,Wind Energy,
CRZ,Oil,
CSX,Agribusiness,
CSX,Chinese Tourism|,
CSX,Electronics,
CSX,Industrial automation,
CSX,Steel,
CTA,|AU|Italian,
CTA,|BR|Italian,
CTA,|US|Italian,
CTG,Petrochemicals,
CTS,Arctic Fishing,
CTS,Whiskey,
CTU,Automotive,
CTU,Banking,
CTU,Electronics,
CTU,Rice,
CUL,Agriculture,
CUL,Drug trafficking,
CUN,|MX|Bolivian,
CUN,Anglophone|,
CUN,Casinos,
CUN,Loves Cancun x2|,
CUU,Appliances,
CUU,Automotive,
CUU,Logistics NAC,
CUZ,Colonial ties bind,
CVG,Industrial automation,
CVG,Logistics NAC,
CVG,US Finance,
CWA,Maple Syrup,
CWB,|BR|Nikkei,
CWB,Appliances,
CWB,Dairy,
CWB,UFOs,
CXR,Chinese Tourism|,
CXR,Russian Vacay Destination x2|,
CXR,Seafood,
CYI,Oil Refining,
CZL,|FR|Algerian x2,
CZM,Loves Cancun x2|,
CZX,Industrial automation,
DAC,|SA|Bangladeshi,
DAC,Banking,
DAC,Tea,
DAC,Textiles,
DAD,|AU|Vietnamese,
DAD,|JP|Vietnamese,
DAD,|US|Vietnamese,
DAD,Appliances,
DAD,Drug trafficking,
DAD,Seafood,
DAL,Aerospace,
DAL,Arctic Oil,
DAL,Industrial automation,
DAL,Oil,
DAL,Oil Fracking,
DAL,Ranching,
DAL,Telco,
DAM,|BR|Syrian,
DAM,|NL|Syrian,
DAM,Shia|,
DAR,Logistics MEA,
DAY,Healthcare,
DBV,Mediterranean Ag,
DCA,Aerospace,
DCA,Banking,
DCA,Bureaucracy,
DCA,Defense,
DCA,High finance,
DCA,NA Capitols|,
DDC,Grain Belt,
DEL,Banking,
DEL,Bollywood 2 Bureaucracy x2,
DEL,Bureaucracy,
DEL,Sunni|,
DEL,Telco,
DEN,|US|Ethiopian,
DEN,Aerospace,
DEN,Gold,
DEN,Renewable Energy,
DEN,Software,
DFW,|US|Chinese,
DFW,|US|Durango & Zacatecas,
DFW,|US|Indian,
DFW,|US|Jalisco & Michoacán,
DFW,Loves DR x2|,
DFW,Semiconductors,
DFW,Telco,
DGO,|US|Durango & Zacatecas,
DGT,Geothermal,Palinpinon Geothermal Power Plant
DHA,Oil,
DIK,Oil Fracking,
DLA,Offshore Oil,
DLC,Marine,
DLC,Petrochemicals,
DLC,Seafood,
DLG,Arctic Oil,Dillingham Alaska
DLH,Nordic / Lutheran|,
DME,|RU|Armenian,
DME,Defense RU,
DME,Defense RU,
DME,Nickel,
DME,Petrochemicals,
DME,Russian Vacay Destination x2|,
DMK,|TH|Chinese,
DMK,Appliances,
DMK,Chinese Tourism|,
DMK,Rice,
DMM,|SA|Bangladeshi,
DMM,|SA|Malayali,
DMM,|SA|Pakistani,
DMM,Offshore Oil,
DMM,Oil,
DNZ,Geothermal,Kızıldere Geothermal Power Plant
DOH,LNG,
DOH,Logistics MEA,
DOL,Logistics EU Med,Le Harve
DOU,Ranching,
DPS,|ID|Chinese,
DPS,|ID|Tamil,
DPS,|NL|Indonesian,
DPS,Chinese Tourism|,
DPS,Loves Bali x2|,
DPS,Surfing,
DRP,Geothermal,
DRS,Pharma,
DRS,Semiconductors,
DRW,Defense,
DRW,Pacific Fishing,Darwin
DSM,|US|Jalisco & Michoacán,
DSM,Agribusiness,
DSM,Grain Belt,
DSS,Logistics MEA,
DSS,Oil Refining,
DTM,|DE|Serbian,
DTM,Industrial automation,
DTM,Logistics EU Med,
DTM,Loves Arctic|,
DTM,Loves Bolzano x2|,
DTW,Automotive,
DTW,Healthcare,
DTW,Loves DR x2|,
DTW,Sunni|,
DTW,US Finance,
DUB,|IE|Polish,
DUB,|US|Irish American,
DUB,Golf,
DUB,High finance,
DUB,US Finance,
DUB,Whiskey,
DUD,Academia,University of Otago
DUR,|ZA|Ethiopian,
DUR,Agribusiness,
DUR,Logistics MEA,
DUS,|DE|Serbian,
DUS,Banking,
DUS,Loves Arctic|,
DUS,Loves Bolzano x2|,
DUS,Telco,
DUT,Arctic Fishing,
DVL,Grain Belt,
DVO,|IE|Filipino,
DVO,|IT|Filipino,
DVO,|US|Filipino,
DVO,Spices / Tropical Ag,
DWC,|AE|Pakistani,
DWC,Aluminum,
DXB,|AE|Malayali,
DXB,|AE|Pakistani,
DXB,Global Logistics,
DXB,Gold,
DXB,High finance,
DXB,Oil,
DXB,Petrochemicals,
DYU,Logistics CIS,
DYU,Oil,
EAT,Horticulture,
EAU,|US|Somali,
EAU,Nordic / Lutheran|,
EAU,Paper & Furniture,
EBD,Gold,
EBL,|SE|Iraqi,
EBL,Oil,
ECN,Sunni|,
ECN,Turkish|,
EDI,|UK|Polish,
EDI,Academia,University of Edinburgh
EDI,Banking,
EDI,Golf,
EDI,Whiskey,
EG1,Academia,
EG9,Academia,
EH1,Offshore Oil,oil platform
EIN,CPG & Retail,
EIN,Dairy,
EIS,High finance,
ELG,Gold,El Gouera (FIFO)
ELP,Hispanic|,
ELP,Horticulture,
ELP,Logistics NAC,
ELP,Petrochemicals,
ELS,Automotive,
ELS,Platinum,
EMA,Logistics EU Med,
EN1,Offshore Oil,oil platform
EN2,Offshore Oil,oil platform
EN3,Offshore Oil,oil platform
EN4,Offshore Oil,oil platform
EN9,Offshore Oil,oil platform
ENA,LNG,
ENO,Grain Belt,
ESB,|DK|Turkish,
ESB,|NL|Turkish,
ESB,|TR|Iraqi,
ESB,Bureaucracy,
EUG,Academia,University Oregon
EUG,Footwear,
EVN,|FR|Armenian,
EVN,|RU|Armenian,
EVN,Logistics CIS,
EWR,|US|Brazilian,
EWR,|US|Chinese,
EWR,|US|Indian,
EWR,|US|Jewish,
EWR,|US|Nigerian,
EWR,|US|Pakistani,
EWR,Global Logistics,
EWR,Pharma,
EWR,Software,
EWR,US Finance,
EXT,Wind Energy,
EZE,|AR|Bolivian,
EZE,|US|Jewish,
EZE,Banking,
EZE,Logistics LATAM,
EZE,Loves Florianopolis x2|,
FAI,Arctic Oil,Fairbanks Alaska
FAI,Forestry,Fairbanks
FAI,Loves Arctic|,
FAI,Santa,
FAO,Atlantic Fishing,
FAO,Mediterranean Ag,
FAR,Grain Belt,
FAR,Nordic / Lutheran|,
FAT,|US|Guerrero & Oaxaca,
FAT,Grain Belt,
FBM,|CD|Congolese,
FBM,Copper,Lubumbashi DRC
FBM,Uranium,
FCN,Atlantic Fishing,
FCO,|AU|Italian,
FCO,|BR|Italian,
FCO,|IT|Filipino,
FCO,|US|Italian,
FCO,Telco,
FEZ,|FR|Moroccan,
FEZ,|NL|Moroccan,
FEZ,Mediterranean Ag,
FIH,|CD|Congolese,
FIH,Gemstones,
FJR,|AE|Malayali,
FKB,Paper & Furniture,Karlsruhe/Baden-Baden
FLL,|CU|Cuban x2,
FLL,|US|Jewish,
FLL,|US|Venezuelan,
FLL,CC|,
FLL,Hispanic|,
FLN,Loves Florianopolis x2|,
FLN,Surfing,
FLR,Textiles,
FLR,Viticulture,
FMM,Loves Arctic|,
FMM,Loves Bolzano x2|,
FMO,Paper & Furniture,Münster/Osnabrück
FNT,Automotive,
FOC,|AU|Chinese,
FOC,|CA|Chinese,
FOC,|ID|Chinese,
FOC,|TH|Chinese,
FOC,|US|Chinese,
FOC,Chinese Tourism|,
FOC,Footwear,
FOC,Logistics APAC,
FOR,Textiles,
FRA,|DE|Serbian,
FRA,|DE|Turkish,
FRA,Global Logistics,
FRA,High finance,
FRA,Industrial automation,
FRA,Loves Arctic|,
FRA,Loves Bolzano x2|,
FRA,Pharma,
FRU,Agriculture,
FSD,Grain Belt,
FSD,Nordic / Lutheran|,
FSD,US Finance,
FSM,Cotton,
FSZ,Appliances,
FSZ,Heavy industry,
FUK,Appliances,
FUK,Electronics,
FWA,Academia,Purdue University
GAU,Paper & Furniture,Guwahati
GAU,Rice,
GAU,Sunni|,
GBB,Agriculture,
GBB,Cotton,
GBE,Diamonds,
GCK,Wind Energy,
GDL,|US|Jalisco & Michoacán,
GDL,CPG & Retail,
GDL,Software,
GDL,Textiles,
GDN,|IE|Polish,
GDN,|US|Polish,
GDN,Marine,
GDX,Arctic Fishing,
GDX,Gold,Magadan (Kolyma region) Russia
GEG,Forestry,Spokane
GEO,Oil,Georgetown
GFK,Nordic / Lutheran|,
GIB,Casinos,
GIB,High finance,
GIB,Marine,
GIG,|US|Brazilian,
GIG,Entertainment,
GIG,Offshore Oil,
GIG,Telco,
GIZ,Coffee,
GIZ,Horticulture,
GJL,|FR|Algerian x2,
GLA,Defense,
GLA,Heavy industry,
GLA,Marine,
GLA,Whiskey,
GLH,Rice,
GLT,Aluminum,
GLT,LNG,
GMO,|US|Nigerian,
GMP,|JP|Korean,
GMP,|US|Korean,
GMP,Appliances,
GMP,CPG & Retail,
GMP,Electronics,
GMP,Industrial automation,
GNV,Academia,
GOA,Logistics EU Med,
GOA,Marine,
GOA,Russian Vacay Destination x2|,
GOH,Arctic Fishing,
GOH,Loves Arctic|,
GOJ,Automotive,
GOM,Rwanda Rundi|,
GOT,Automotive,
GOT,Life sciences,
GOT,Marine,
GPT,Aerospace,
GPT,Casinos,
GRB,Dairy,
GRB,Maple Syrup,
GRK,Ranching,
GRO,Mediterranean Ag,
GRR,Industrial automation,
GRU,|BR|Bolivian,
GRU,|BR|Italian,
GRU,|BR|Nikkei,
GRU,|BR|Syrian,
GRU,|US|Brazilian,
GRU,Aerospace,
GRU,Banking,
GRV,Defense RU,
GSO,Paper & Furniture,
GSP,Appliances,Electrolux
GUA,|US|Guatemalan,
GUM,Defense,
GUR,Pacific Fishing,
GUW,Oil,Atyrau
GUW,Uranium,Atyrau
GVA,Banking,
GVA,Bureaucracy,
GVA,CPG & Retail,Nestle
GVA,Francophonie|,
GVA,High finance,
GVR,Gemstones,
GWY,|US|Irish American,
GYA,Drug trafficking,
GYD,Horticulture,
GYD,LNG,
GYD,Offshore Oil,
GYE,|ES|Ecuadorian,
GYE,|US|Ecuadorian,
GYE,Coffee,
GYE,Logistics LATAM,
GYN,Ranching,
GYN,Sugar,
GZO,Pacific Fishing,
HAJ,Automotive,
HAJ,Loves Arctic|,
HAJ,Loves Bolzano x2|,
HAJ,Nordic / Lutheran|,
HAK,Rice,
HAK,Spices / Tropical Ag,
HAM,|DE|Afghan,
HAM,|DE|Iranian,
HAM,|DE|Turkish,
HAM,Aerospace,
HAM,Logistics EU Med,
HAM,Loves Arctic|,
HAM,Loves Bolzano x2|,
HAM,Marine,
HAM,Renewable Energy,
HAN,|AU|Vietnamese,
HAN,|JP|Vietnamese,
HAN,|US|Hmong,
HAN,|US|Vietnamese,
HAN,CPG & Retail,
HAN,Electronics,
HAN,Tea,
HBE,Logistics EU Med,
HEL,Telco,
HFA,Marine,Hafia
HFE,Appliances,Midea Group
HFE,CPG & Retail,
HGA,|NO|Somali,
HGA,|US|Somali,
HGH,|AU|Chinese,
HGH,|CA|Chinese,
HGH,|ID|Chinese,
HGH,|TH|Chinese,
HGH,|US|Chinese,
HGH,Academia,
HGH,Chinese Tourism|,
HGH,CPG & Retail,
HGH,Software,
HGH,Textiles,
HHN,Loves Arctic|,
HHN,Loves Bolzano x2|,
HHN,Wind Energy,
HHP,Banking,
HHP,High finance,
HIJ,Automotive,
HIJ,Heavy industry,
HJJ,Zinc-lead,
HKG,Cantonese|,
HKG,Global Logistics,
HKG,High finance,
HKG,HK Taiwan Kinship|,
HKG,Logistics APAC,
HKG,Textiles,
HKG,Toys,
HKT,Chinese Tourism|,
HKT,Drug trafficking,
HKT,Indian Ocean Fishing,
HKT,Loves Phuket x2|,
HKT,Russian Vacay Destination x2|,
HKT,Spices / Tropical Ag,
HLA,Gold,
HLD,Ranching,
HLD,Rare earths,
HLN,Forestry,
HLZ,Agribusiness,Hamilton NZ
HLZ,Dairy,Hamilton NZ
HLZ,Viticulture,Waikato wine region
HMO,Automotive,
HMO,Drug trafficking,
HND,|BR|Nikkei,
HND,|JP|Korean,
HND,|JP|Vietnamese,
HND,|MP|Nikkei,
HND,|PE|Nikkei,
HND,|US|Nikkei,
HND,Automotive,
HND,Industrial automation,
HND,Telco,
HNL,|US|Filipino,
HNL,|US|Nikkei,
HNL,|US|Samoan,
HNL,Defense,
HNL,PIF|,
HNL,Surfing,
HNM,PIF|,
HOB,Oil Fracking,
HOD,Shia|,
HOM,Arctic Fishing,
HOU,|US|Durango & Zacatecas,
HOU,Aerospace,
HOU,Healthcare,
HOU,Offshore Oil,
HOU,Oil,
HOU,Oil Fracking,
HOU,Oil Refining,
HPH,|JP|Vietnamese,
HPN,|US|Ecuadorian,
HPN,|US|Guatemalan,
HPN,|US|Irish American,
HPN,Hispanic|,
HRB,Agribusiness,
HRB,Chinese Tourism|,
HRB,Pharma,
HRE,Platinum,
HRE,Rare earths,
HRE,Zim Connect x2,
HRG,Russian Vacay Destination x2|,
HRH,Shia|,
HRH,Sunni|,
HRL,Hispanic|,
HSA,Uranium,
HSC,Zinc-lead,
HSV,Academia,University of Alabama in Huntsville
HSV,Aerospace,
HSV,Defense,
HTN,Sunni|,
HTS,Gemstones,
HTY,Mediterranean Black Sea,
HUI,Agriculture,
HUI,Surfing,
HUX,Surfing,
HUY,Wind Energy,
HVN,|US|Stateside Puerto Ricans,
HVN,Academia,Yale University
HVR,Zinc-lead,Zortman-Landusky
HYD,|CA|Telugu,
HYD,Pharma,
HYD,Shia|,
HYD,Software,
HYN,Rice,
IAD,|US|Ethiopian,
IAD,|US|Guatemalan,
IAD,|US|Indian,
IAD,|US|Jewish,
IAD,|US|Korean,
IAD,Bureaucracy,
IAD,Defense,
IAD,NA Capitols|,
IAD,Software,
IAH,|US|Chinese,
IAH,|US|Indian,
IAH,|US|Nigerian,
IAH,|US|Pakistani,
IAH,|US|Vietnamese,
IAH,LNG,
IAH,Oil,
IAH,Petrochemicals,
IAH,Software,
IAS,Steel,
IAS,Viticulture,
ICN,|JP|Korean,
ICN,|US|Korean,
ICN,Automotive,
ICN,Banking,
ICN,Electronics,
ICN,Semiconductors,
ICT,|US|Jalisco & Michoacán,
ICT,Aerospace,
ICT,Heavy industry,
IDA,Gemstones,
IEV,Grain Belt,
IFJ,Geothermal,
IFN,|DE|Iranian,
IFN,|TR|Iranian,
IFN,|US|Iranian,
IFN,Steel,
IGS,Automotive,
IGU,|BR|Nikkei,
IGU,UFOs,
IKA,|DE|Iranian,
IKA,|TR|Iranian,
IKA,|US|Iranian,
IKA,Automotive,
IKA,Oil,
IKT,Forestry,Irkutsk
IKT,Gold,Irkutsk (Bodaibo) Russia
ILG,US Finance,
ILM,Forestry,Wilmington
ILO,Rice,
ILR,|US|Nigerian,
ILY,Atlantic Fishing,Islay
IMP,Sugar,
IMT,Maple Syrup,
INC,Sunni|,
IND,|US|Jalisco & Michoacán,
IND,Academia,Indiana University Bloomington
IND,Industrial automation,
IND,Logistics NAC,
IND,Pharma,
INN,Loves Tiroler Unterlan x2|,
INV,Defense,
INV,Whiskey,
INW,UFOs,
IPN,Heavy industry,
IPT,Oil Fracking,Marcellus Shale
IQM,Gold,Qiemo (various mines) Xinjiang
IQQ,Copper,Iquique Chile
IQQ,Zinc-lead,
IQT,Amazonia,
ISA,Copper,Mount Isa
ISA,Zinc-lead,
ISB,|US|Pakistani,
ISP,|US|Salvadoran,
IST,|DK|Turkish,
IST,|NL|Turkish,
IST,|TR|Afghan,
IST,|TR|Iranian,
IST,|TR|Iraqi,
IST,Banking,
IST,CPG & Retail,
IST,Logistics APAC,
IST,Logistics CIS,
ISU,|SE|Iraqi,
ISU,|TR|Iraqi,
ISU,Shia|,
ITH,Academia,
ITH,Dairy,
ITM,|JP|Korean,
ITM,|JP|Korean,
ITM,|JP|Vietnamese,
ITM,Electronics,
ITM,Industrial automation,
ITO,PIF|,
IWD,Maple Syrup,
IWK,Petrochemicals,
IXA,Paper & Furniture,Agartala
IXB,Tea,
IXC,|CA|Punjabi,
IXC,Software,
IXE,|AE|Kannada,
IXE,|OM|Kannada,
IXG,Agriculture,
IXM,|AE|Tamil,
IXM,|ID|Tamil,
IXM,|MY|Tamil,
IXM,Healthcare,
IXR,Paper & Furniture,Ranchi
IXR,Rice,
IXR,Textiles,
IXS,Sunni|,
IXS,Tea,
IXU,|SG|Marathi,
IXU,Gemstones,
IXU,Sugar,
IZO,Agriculture,
IZO,Seafood,
JAI,Gemstones,
JAN,Heavy industry,
JAU,Copper,
JAV,Arctic Fishing,
JAX,Defense,
JAX,Logistics NAC,
JAX,US Finance,
JBQ,Sugar,
JBR,Rice,
JED,|SA|Bangladeshi,
JED,|SA|Malayali,
JED,|SA|Pakistani,
JED,Logistics MEA,
JFK,|US|Jewish,
JFK,|US|Ukrainian,
JFK,Banking,
JFK,Cantonese|,
JFK,CC|,
JFK,Entertainment,
JFK,High finance,
JFK,Hispanic|,
JFK,Software,
JGA,Oil Refining,
JGD,Gemstones,
JGD,Gold,Jiagedaqi (various mines) Heilongjiang
JGS,Rice,
JHB,|MY|Malayali,
JHB,Electronics,
JHB,Logistics APAC,
JIB,Logistics MEA,
JIU,Horticulture,
JJN,Footwear,
JLR,Sugar,
JNB,|ZA|Ethiopian,
JNB,Agriculture,
JNB,Copper,
JNB,Gold,
JNB,Logistics MEA,
JNB,Platinum,
JNB,Rare earths,
JNB,Uranium,
JNU,Arctic Fishing,
JNZ,Horticulture,
JNZ,Textiles,Jinzhou
JOG,Spices / Tropical Ag,
JOI,Automotive,
JRA,Banking,
JRA,Banking,
JRA,High finance,
JRB,Banking,
JRB,Banking,
JRB,High finance,
JRG,Aluminum,
JRO,Coffee,
JRO,Nordic / Lutheran|,
JRO,Ranching,
JRT,Amazonia,
JSR,Rice,
JTC,Sugar,
JWA,Diamonds,
JXA,Gemstones,
JZH,Aluminum,
KBL,|DE|Afghan,
KBL,|PK|Afghan,
KBL,|TR|Afghan,
KBL,Drug trafficking,
KBL,Pashto|,
KBP,Grain Belt,
KCH,Forestry,
KCH,Oil Refining,
KCT,Surfing,Weligama Sri Lanka
KCZ,Forestry,Kochi
KCZ,Rice,
KCZ,Seafood,
KDH,Drug trafficking,
KDH,Pashto|,
KEF,Atlantic Fishing,
KEF,Geothermal,
KER,Copper,
KGD,Defense RU,
KGF,Zinc-lead,
KGI,Gold,Kalgoorlie-Boulder (Super Pit) Western Australia
KGI,Nickel,
KGI,Rare earths,
KGL,Gold,Kigali
KHG,Sunni|,
KHG,Zinc-lead,
KHH,HK Taiwan Kinship|,
KHH,Logistics APAC,
KHH,Paper & Furniture,Kaohsiung
KHH,Seafood,
KHI,|AE|Pakistani,
KHI,|PK|Afghan,
KHI,|SA|Pakistani,
KHI,|UK|Pakistani,
KHI,|US|Pakistani,
KHI,Banking,
KHI,Textiles,
KHN,Cotton,
KHN,Footwear,
KHN,Uranium,
KHS,Oil,
KHV,Aerospace,
KHV,Arctic Fishing,
KHV,Forestry,Khabarovsk
KHV,Heavy industry,
KHV,Russian Vacay Destination x2|,
KIN,Drug trafficking,
KIN,Sugar,
KIR,Atlantic Fishing,Kerry
KIT,Copper,Kitwe Zambia
KIX,|BR|Nikkei,
KIX,|JP|Korean,
KIX,|JP|Vietnamese,
KIX,|MP|Nikkei,
KIX,|PE|Nikkei,
KIX,|US|Nikkei,
KIX,Banking,
KIX,Electronics,
KIX,Semiconductors,
KIX,Whiskey,
KJA,Aerospace,
KJA,Aluminum,
KJA,Forestry,Krasnoyarsk
KJA,Gold,Krasnoyarsk (various mines) Russia
KJA,Russian Vacay Destination x2|,
KJT,Tea,
KKJ,Steel,Kitakyushu
KME,|US|Salvadoran,
KMG,|AU|Chinese,
KMG,|CA|Chinese,
KMG,|ID|Chinese,
KMG,|TH|Chinese,
KMG,|US|Chinese,
KMG,Chinese Tourism|,
KMG,Copper,
KMG,Heavy industry,
KMG,Horticulture,
KMG,Rare earths,Kunming
KMI,Agribusiness,
KMQ,Electronics,
KNO,Coffee,
KNO,Logistics APAC,
KNO,Spices / Tropical Ag,
KOA,Horticulture,
KOA,PIF|,
KOA,Surfing,
KOJ,Aerospace,
KOJ,Agriculture,
KOJ,Geothermal,
KOS,Indian Ocean Fishing,
KPO,Steel,
KRK,|IE|Polish,
KRK,|US|Polish,
KRK,Software,
KRK,Steel,
KRL,Oil,
KRR,|RU|Armenian,
KRR,Grain Belt,
KRT,Oil,
KRT,Oil Refining,
KRW,LNG,
KRW,Offshore Oil,
KSH,Cotton,
KTA,LNG,
KTN,Arctic Fishing,
KTW,Automotive,
KTW,Heavy industry,
KUA,Petrochemicals,
KUF,Aerospace,
KUF,Russian Vacay Destination x2|,
KUL,|MY|Malayali,
KUL,|MY|Tamil,
KUL,Appliances,
KUL,Banking,
KUL,Cantonese|,
KUL,Logistics APAC,
KVA,Loves Kavala x2|,
KVA,Mediterranean Black Sea,
KWE,Chinese Tourism|,
KWE,CPG & Retail,
KWE,Logistics APAC,
KWI,Banking,
KWI,Oil,
KWI,Oil Refining,
KWL,Logistics APAC,
KWL,Rice,
KWL,Sugar,
KWZ,Copper,Kolwezi DRC
KXB,Nickel,
KZN,Aluminum,
KZN,Russian Vacay Destination x2|,
KZO,Oil Refining,
KZO,Uranium,Kyzylorda Kazakhstan
KZO,Uranium,
LAD,Logistics MEA,
LAD,Offshore Oil,
LAN,Academia,Michigan State University
LAS,Casinos,
LAS,Hispanic|,
LAS,UFOs,Area 51
LAU,Logistics MEA,
LAX,|US|Chinese,
LAX,|US|Filipino,
LAX,|US|Iranian,
LAX,|US|Korean,
LAX,|US|Vietnamese,
LAX,Banking,
LAX,Drug trafficking,
LAX,Entertainment,
LAX,Hispanic|,
LAX,SoCal NoCal,
LBA,|GB|Indian,
LBA,|UK|Pakistani,
LBA,Oil Fracking,Weald Basin 
LBB,Ranching,
LBB,Wind Energy,
LBC,Logistics EU Med,
LBC,Loves Arctic|,
LBC,Nordic / Lutheran|,
LBL,Ranching,
LBS,Agriculture,
LCA,Banking,
LCA,EU|,
LCA,Greek|,
LCA,Russian Vacay Destination x2|,
LCH,Petrochemicals,
LCJ,Appliances,
LCK,|US|Somali,
LCX,Copper,Longyan
LCY,|UK|Jewish,
LCY,Academia,Imperial College London
LCY,Banking,
LCY,Diamonds,
LCY,High finance,
LEA,Gemstones,
LEA,Gold,Laverton (Telfer Mine) Western Australia
LED,|RU|Armenian,
LED,Defense RU,
LED,Heavy industry,
LED,Logistics CIS,
LED,Russian Vacay Destination x2|,
LEJ,Automotive,
LEJ,LNG,
LEJ,Logistics EU Med,
LEJ,Loves Arctic|,
LEJ,Loves Bolzano x2|,
LER,Gold,Leinster (various mines) Western Australia
LER,Rare earths,
LEX,Academia,University of Kentucky
LEX,Whiskey,
LFT,LNG,
LGA,|US|Indian,
LGA,|US|Jewish,
LGA,|US|Korean,
LGA,|US|Polish,
LGA,|US|Stateside Puerto Ricans,
LGA,Academia,
LGA,Banking,
LGA,CPG & Retail,
LGA,Software,
LGA,US Finance,
LGB,|US|Nikkei,
LGB,|US|Salvadoran,
LGB,|US|Samoan,
LGB,Defense,
LGB,Global Logistics,
LGB,Logistics NAC,
LGB,SoCal NoCal,
LGB,Toys,
LGK,|MY|Tamil,
LGW,|GB|Indian,
LGW,|UK|Nigerian,
LGW,|UK|Polish,
LGW,Banking,
LHE,|AE|Pakistani,
LHE,|SA|Pakistani,
LHE,|UK|Pakistani,
LHE,|US|Pakistani,
LHE,Dairy,
LHE,Footwear,
LHR,|GB|Indian,
LHR,|UK|Nigerian,
LHR,|UK|Pakistani,
LHR,Academia,Oxbridge
LHR,Bengali|,
LHR,Bureaucracy,
LHR,High finance,
LHR,Software,
LHW,Heavy industry,
LHW,Petrochemicals,
LIH,PIF|,
LIM,|PE|Nikkei,
LIM,|PE|Venezuelan,
LIM,Colonial ties bind,
LIM,Copper,Lima Peru
LIM,Seafood,
LIM,Zinc-lead,
LIN,|IT|Romanian,
LIN,CPG & Retail,
LIN,Heavy industry,
LIO,Horticulture,
LIS,Logistics EU Med,
LIS,Marine,
LIS,Mediterranean Ag,
LJU,Pharma,
LKO,Rice,Narendra Deva University of Agriculture and Technology
LKO,Shia|,
LLA,Steel,
LLF,Rare earths,Lingling
LLW,Agriculture,
LNK,Academia,University of Nebraska
LNK,Oil Fracking,
LNL,Gold,Lianshanguan (various mines) Heilongjiang
LNY,PIF|,
LNZ,Healthcare,
LOP,Gemstones,
LOS,|UK|Nigerian,
LOS,|US|Nigerian,
LOS,Entertainment,
LOS,Logistics MEA,
LOS,Oil,
LPA,Atlantic Fishing,
LPB,|AR|Bolivian,
LPB,|BR|Bolivian,
LPL,|GB|Indian,
LPL,Marine,
LPL,Wind Energy,
LPQ,Drug trafficking,
LPT,Sugar,
LRD,Hispanic|,
LRD,Oil Fracking,
LRM,Sugar,
LSC,Viticulture,Elqui Valley
LTN,|GB|Indian,
LTN,|UK|Jewish,
LTN,Life sciences,
LUG,Italian|,
LUN,Agriculture,
LUN,Anglophone|,
LUN,Copper,Lusaka Zambia
LUX,High finance,
LUX,Logistics EU Med,
LUX,Steel,ArcelorMittal
LVO,Gold,Leonora (Sunrise Dam) Western Australia
LW0,Banking,
LW0,High finance,
LWK,Offshore Oil,
LYA,Paper & Furniture,
LYG,Steel,
LYP,Cotton,
LYR,Academia,
LYR,Loves Arctic|,
LYS,|FR|Algerian x2,
LYS,|FR|Armenian,
LYS,|FR|Serbian,
LYS,CPG & Retail,
LYS,Pharma,
LYS,Software,
MAA,|AE|Tamil,
MAA,|ID|Tamil,
MAA,|MY|Tamil,
MAA,Automotive,
MAA,Footwear,
MAA,Healthcare,
MAD,|ES|Ecuadorian,
MAD,|ES|Peruvian,
MAD,Colonial ties bind,
MAD,Logistics EU Med,
MAD,Telco,
MAF,|US|Durango & Zacatecas,
MAF,Cotton,
MAF,Oil Fracking,Midland USA
MAK,Oil,
MAN,|GB|Indian,
MAN,|UK|Pakistani,
MAN,|UK|Polish,
MAN,Bengali|,
MAN,Heavy industry,
MAN,Pharma,
MAO,Amazonia,
MAO,Appliances,
MAO,Drug trafficking,
MAO,Forestry,
MAO,Horticulture,
MAO,Petrochemicals,
MAR,|CL|Venezuelan,
MAR,|PE|Venezuelan,
MAR,|US|Venezuelan,
MAR,Agriculture,
MAR,Oil Refining,
MB1,Academia,
MBA,Logistics MEA,
MBA,Oil,
MCI,|US|Jalisco & Michoacán,
MCI,Agribusiness,
MCI,Bureaucracy,
MCI,Grain Belt,
MCI,Telco,
MCO,|US|Brazilian,
MCO,|US|Stateside Puerto Ricans,
MCO,Defense,
MCO,Golf,
MCO,Loves DR x2|,
MCP,Amazonia,
MCP,Paper & Furniture,
MCT,|OM|Malayali,
MCT,Oil,
MCZ,Sugar,
MDC,Nickel,
MDE,|CL|Colombian,
MDE,|MX|Colombian,
MDE,|US|Colombian,
MDE,Andean connect,
MDE,Drug trafficking,
MDE,Horticulture,
MDE,Logistics LATAM,
MDQ,Seafood,
MDT,Healthcare,
MDW,|US|Italian,
MDW,|US|Polish,
MDW,|US|Stateside Puerto Ricans,
MDW,Academia,University of Chicago
MDW,CPG & Retail,
MDW,Loves DR x2|,
MDY,Rice,
MDZ,Loves Florianopolis x2|,
MDZ,Oil Fracking,
MDZ,Viticulture,Mendoza
MEA,Offshore Oil,
MEL,|AU|Chinese,
MEL,|AU|Greek,
MEL,|AU|Italian,
MEL,|AU|Vietnamese,
MEL,Banking,
MEL,Copper,Melbourne
MEL,Footie Traffic x2,
MEL,Logistics APAC,
MEL,Pharma,
MEL,Wind Energy,
MEM,Agribusiness,
MEM,Global Logistics,
MEM,Logistics NAC,
MEX,|ES|Peruvian,
MEX,|MX|Bolivian,
MEX,|MX|Colombian,
MEX,Bureaucracy,
MEX,Logistics NAC,
MEX,NA Capitols|,
MFE,Hispanic|,
MFM,Cantonese|,
MFM,Casinos,
MFR,|US|Jalisco & Michoacán,
MFR,Forestry,
MFR,Horticulture,
MGA,Ranching,
MGQ,|NO|Somali,
MGQ,|US|Somali,
MGZ,Gemstones,
MHG,Wind Energy,
MHT,|US|Irish American,
MIA,|CU|Cuban x2,
MIA,|US|Jewish,
MIA,|US|Venezuelan,
MIA,CC|,
MIA,Drug trafficking,
MIA,Entertainment,
MIA,Hispanic|,
MIA,Lusophone|,
MID,Drug trafficking,
MIM,Pacific Fishing,
MIR,Mediterranean Black Sea,
MIR,Spices / Tropical Ag,
MJY,Aluminum,Boguchany BGS
MJZ,Diamonds,
MJZ,Gemstones,
MKE,Dairy,
MKE,Healthcare,
MKE,Industrial automation,
MKE,Nordic / Lutheran|,
MKE,US Finance,
MKY,Sugar,
MLB,Aerospace,
MLE,Indian Ocean Fishing,
MLH,Pharma,
MLI,Grain Belt,
MLM,|US|Jalisco & Michoacán,
MLX,Copper,
MMK,Defense RU,
MMK,Logistics CIS,
MNL,|IE|Filipino,
MNL,|IT|Filipino,
MNL,|US|Filipino,
MNL,Appliances,
MNL,Logistics APAC,
MNL,Marine,
MNL,Rice,
MNX,Amazonia,
MOB,Heavy industry,
MOB,Marine,
MOC,Dairy,
MOT,Oil Fracking,
MPL,|FR|Algerian x2,
MPL,Dairy,
MPL,Life sciences,
MPL,Viticulture,Montpellier
MPM,Aluminum,
MPM,Logistics MEA,
MPM,Lusophone|,
MQL,Viticulture,Mildura Australia
MQT,Paper & Furniture,
MQT,Platinum,Marquette
MRS,|FR|Algerian x2,
MRS,|FR|Moroccan,
MRS,|FR|Tunisian x2,
MRS,Healthcare,
MRS,Logistics EU Med,
MRU,Textiles,
MRV,Russian Vacay Destination x2|,
MRY,Surfing,
MSJ,Arctic Fishing,
MSJ,Defense,
MSN,Academia,University of Wisconsin
MSN,Dairy,
MSN,Healthcare,Epic Systems
MSP,|US|Hmong,
MSP,|US|Somali,
MSP,Academia,University of Minnesota
MSP,Agribusiness,
MSP,CPG & Retail,
MSP,Dairy,
MSP,Nordic / Lutheran|,
MSQ,Heavy industry,
MSQ,Logistics CIS,
MSS,Maple Syrup,
MSY,LNG,
MSY,Petrochemicals,
MSY,Seafood,
MTT,Offshore Oil,
MTY,|MX|Bolivian,
MTY,Automotive,
MTY,Electronics,
MTY,Logistics NAC,
MUC,|DE|Serbian,
MUC,|DE|Turkish,
MUC,Aerospace,
MUC,Automotive,
MUC,Dairy,
MUC,Industrial automation,
MUC,Semiconductors,
MUX,Cotton,
MVD,Agriculture,
MVD,Logistics LATAM,
MVD,Ranching,
MVP,Drug trafficking,
MVY,Wind Energy,
MWX,Oil Refining,
MWX,Steel,
MWZ,Nordic / Lutheran|,
MXB,Nickel,
MXL,Geothermal,
MXP,|AU|Italian,
MXP,|BR|Italian,
MXP,|IT|Filipino,
MXP,|US|Italian,
MXP,CPG & Retail,
MXP,Textiles,
MXX,Logistics EU Med,
MXX,Paper & Furniture,Ikea
MXZ,Rare earths,Meixian
MYR,Golf,
MYY,Forestry,Miri
MYY,Oil,Oil field
MZG,Drug trafficking,
MZG,Seafood,
MZR,|DE|Afghan,
MZR,|PK|Afghan,
MZR,|TR|Afghan,
MZR,Drug trafficking,
MZT,Agriculture,
MZT,Drug trafficking,
MZT,Seafood,
NAG,|SG|Marathi,
NAN,Gold,
NAN,Surfing,
NAP,|BR|Italian,
NAP,|US|Italian,
NAP,Agribusiness,
NAS,High finance,
NAT,Offshore Oil,
NBE,|FR|Tunisian x2,
NBO,|KE|Gujarati,
NBO,Geothermal,Olkaria geothermal power
NBO,Horticulture,
NBO,Logistics MEA,
NBO,Ranching,
NCE,|FR|Serbian,
NCE,Horticulture,
NCE,Viticulture,
NCL,Heavy industry,
NCL,Marine,
NDG,Steel,
NDJ,Ranching,
NGB,Appliances,
NGB,LNG,
NGB,Logistics APAC,
NGB,Toys,
NGO,|BR|Nikkei,
NGO,|MP|Nikkei,
NGO,|PE|Nikkei,
NGO,|US|Nikkei,
NGO,Automotive,
NGO,Electronics,
NGO,Rice,Okinawa Prefectural Agricultural Research Center.
NGO,Wind Energy,
NGS,Heavy industry,
NGS,Marine,
NIM,Uranium,
NKG,|AU|Chinese,
NKG,|CA|Chinese,
NKG,|ID|Chinese,
NKG,|TH|Chinese,
NKG,|US|Chinese,
NKG,Academia,
NKG,Appliances,
NKG,Chinese Tourism|,
NLA,Copper,Ndola Zambia
NLD,Hispanic|,
NLT,Zinc-lead,
NLU,Bureaucracy,
NLU,NA Capitols|,
NNM,Russian Vacay Destination x2|,
NNR,|US|Irish American,
NOC,|US|Irish American,
NOR,Copper,Norilsk Russia
NOU,Surfing,
NPE,Viticulture,
NPL,Dairy,
NPL,LNG,
NPL,Petrochemicals,
NQN,Oil,Neuquén AR
NQN,Oil Fracking,Vaca Muerta
NQY,Atlantic Fishing,
NQY,Surfing,Cornwall
NRT,|AR|Nikkei,
NRT,|BR|Nikkei,
NRT,|JP|Korean,
NRT,|MP|Nikkei,
NRT,|PE|Nikkei,
NRT,|US|Nikkei,
NRT,Bureaucracy,
NRT,Electronics,
NRT,Semiconductors,
NRT,Software,
NSI,Forestry,
NSK,Gold,
NSK,Heavy industry,
NSK,Nickel,
NSK,Platinum,
NSN,Pacific Fishing,
NTE,Marine,
NTE,Renewable Energy,
NTG,Chinese Tourism|,
NTG,Marine,
NTG,Petrochemicals,
NTG,Textiles,
NTL,Aluminum,
NTL,Surfing,
NTY,Platinum,
NU1,Offshore Oil,oil platform
NUE,Footwear,
NUE,Toys,
NUX,LNG,
NVT,Marine,
NWI,Wind Energy,
NZH,Gold,Manzhouli (various mines) Inner Mongolia
OAK,|US|Filipino,
OAK,|US|Vietnamese,
OAK,Academia,University Berkeley
OAK,Geothermal,
OAK,Hispanic|,
OAK,Marine,
OAK,SoCal NoCal,
OAK,Viticulture,
OAX,|US|Guerrero & Oaxaca,
OBO,Forestry,
ODS,Mediterranean Black Sea,
OGG,PIF|,
OGG,Surfing,
OGZ,Defense RU,
OIT,Geothermal,
OKA,Defense,
OKA,Healthcare,
OKC,|US|Durango & Zacatecas,
OKC,Academia,
OKC,Oil,
OKJ,Aluminum,
OLP,Copper,Olympic Dam
OMA,Agribusiness,
OMA,Grain Belt,
OMA,Logistics NAC,
OMA,Ranching,
OMA,Telco,
OME,Gold,
OMS,Oil Refining,
OMS,Petrochemicals,
ONT,|US|Filipino,
ONT,Hispanic|,
ONT,Logistics NAC,
ONT,Mediterranean Ag,
OOL,Surfing,
OPO,Viticulture,
ORB,|SE|Iraqi,
ORD,|US|Chinese,
ORD,|US|Indian,
ORD,|US|Jalisco & Michoacán,
ORD,|US|Jewish,
ORD,|US|Polish,
ORD,Agribusiness,
ORD,Banking,
ORD,CPG & Retail,
ORD,Telco,
ORF,Defense,
ORF,Logistics NAC,
ORF,Loves DR x2|,
ORF,Marine,
ORF,Wind Energy,
ORH,|US|Irish American,
ORH,Software,
ORK,|US|Irish American,
ORK,Apple,
ORK,Atlantic Fishing,
ORK,Wind Energy,
ORN,|CA|Algerian,
ORN,|FR|Algerian x2,
ORN,Mediterranean Black Sea,
ORY,|FR|Algerian x2,
ORY,|FR|Armenian,
ORY,|FR|Moroccan,
ORY,|FR|Polish,
ORY,|FR|Serbian,
ORY,|FR|Tunisian x2,
ORY,Academia,
ORY,Aerospace,
ORY,Banking,
ORY,Textiles,
OSL,|NO|Somali,
OSL,Atlantic Fishing,
OSL,Marine,
OSL,Nordic Ski 2 City x2,
OSL,Renewable Energy,
OSL,Software,
OST,Atlantic Fishing,
OST,Wind Energy,
OTH,Forestry,North Bend/Coos Bay
OTP,|IT|Romanian,
OTP,Automotive,
OTP,Petrochemicals,
OUL,Forestry,Oulu
OVB,Software,
PAB,Aluminum,
PAE,Academia,
PAE,CPG & Retail,
PAP,|CA|Haitian,
PAP,|CL|Haitian,
PAP,Textiles,
PBC,Automotive,
PBI,|CU|Cuban x2,
PBI,|US|Brazilian,
PBI,|US|Colombian,
PBI,|US|Jewish,
PBI,Golf,
PBM,|NL|Surinamese,
PBU,Drug trafficking,
PDG,Spices / Tropical Ag,
PDT,Paper & Furniture,
PDV,Appliances,
PDV,Heavy industry,Plovdiv
PDX,Footwear,
PDX,Software,
PEK,|AU|Chinese,
PEK,|CA|Chinese,
PEK,|ID|Chinese,
PEK,|TH|Chinese,
PEK,|US|Chinese,
PEK,Academia,Tsinghua University
PEK,Aerospace,
PEK,Bureaucracy,
PEK,Chinese Tourism|,
PEN,|MY|Malayali,
PEN,|MY|Tamil,
PEN,Electronics,
PER,|AU|Chinese,
PER,|AU|Indian,
PER,Gold,Perth
PER,LNG,
PER,Logistics APAC,
PER,Surfing,
PER,Uranium,Perth
PES,Paper & Furniture,
PEW,|PK|Afghan,
PEW,Drug trafficking,
PEW,Pashto|,
PFO,EU|,
PFO,Greek|,
PHC,Offshore Oil,
PHF,Aerospace,
PHL,|US|Irish American,
PHL,|US|Italian,
PHL,|US|Jewish,
PHL,|US|Korean,
PHL,|US|Stateside Puerto Ricans,
PHL,Academia,Penn State University
PHL,Life sciences,
PHL,US Finance,
PHO,Copper,Phoenix USA
PHX,|US|Guerrero & Oaxaca,
PHX,|US|Jalisco & Michoacán,
PHX,Copper,
PHX,Semiconductors,
PIA,Healthcare,
PIA,Heavy industry,Caterpillar Inc
PIT,Academia,
PIT,Industrial automation,
PIT,Life sciences,
PIT,Loves DR x2|,
PIT,Software,
PIT,Steel,
PKC,Arctic Fishing,
PKC,Gold,Petropavlovsk-Kamchatsky (Kamchatka) Russia
PKU,Oil,
PKU,Petrochemicals,
PKV,Defense RU,
PKX,|AU|Chinese,
PKX,|CA|Chinese,
PKX,|ID|Chinese,
PKX,|TH|Chinese,
PKX,|TH|Chinese,
PKX,|US|Chinese,
PKX,Banking,
PKX,Chinese Tourism|,
PLM,Coffee,
PLO,Pacific Fishing,
PLU,Drug trafficking,
PLZ,Automotive,
PLZ,Surfing,Jeffrey’s Bay
PMC,Pacific Fishing,
PMG,Drug trafficking,
PMI,Loves Mallorca x2|,
PMI,Mediterranean Ag,
PMO,|AU|Italian,
PMO,|BR|Italian,
PMO,|US|Italian,
PMO,Agribusiness,
PMO,Mediterranean Black Sea,
PMR,Dairy,
PMW,Gemstones,
PNH,Spices / Tropical Ag,
PNH,Textiles,
PNQ,|SG|Marathi,
PNQ,Automotive,
PNQ,Heavy industry,
PNQ,Sugar,
PNS,Cotton,Pensacola USA
PNS,Defense,
PNS,Paper & Furniture,Pensacola
POA,Agribusiness,
POA,Footwear,
POA,Nordic / Lutheran|,
POP,Loves DR x2|,
POS,Forestry,
POS,Oil Refining,
POS,Tea,
POZ,Logistics EU Med,
PPB,Sugar,
PPP,Spices / Tropical Ag,
PPP,Sugar,
PQI,Francophonie|,
PRC,Golf,
PRG,Automotive,
PRG,Healthcare,
PRN,Mediterranean Ag,
PSA,|IT|Romanian,
PSA,Viticulture,
PSG,Seafood,
PSP,Golf,
PSP,Renewable Energy,
PSR,Mediterranean Black Sea,
PTF,Surfing,
PTG,Diamonds,
PTU,Platinum,
PTY,Banking,
PTY,Global Logistics,
PTY,Logistics NAC,
PUB,Aerospace,
PUB,Hispanic|,
PUJ,Drug trafficking,
PUJ,Loves DR x2|,
PUQ,Viticulture,Magallanes wine region
PUS,|JP|Korean,
PUS,|US|Korean,
PUS,Aluminum,
PUS,Electronics,
PUS,Marine,
PUS,Seafood,
PUS,Wind Energy,
PUW,Academia,
PVD,|US|Brazilian,
PVD,Academia,Brown University
PVD,Lusophone|,
PVD,Pharma,
PVD,Toys,
PVG,|AU|Chinese,
PVG,|CA|Chinese,
PVG,|ID|Chinese,
PVG,|TH|Chinese,
PVG,|US|Chinese,
PVG,Chinese Tourism|,
PVG,Electronics,
PVG,Global Logistics,
PVG,High finance,
PVG,Industrial automation,
PVH,Amazonia,
PVH,Amazonia,
PVR,Surfing,
PWM,Atlantic Fishing,ME
PXH,Copper,Mount Eba
PXM,Surfing,
PXU,Coffee,
PZU,Gold,
PZU,Logistics MEA,
PZU,Oil Refining,
QRO,Aerospace,
QRO,Appliances,Mabe
QRW,Oil,Warri
QSZ,Sunni|,
RAI,Lusophone|,
RAK,|FR|Moroccan,
RAK,|NL|Moroccan,
RAO,Footwear,Franca
RAP,Casinos,
RBA,|FR|Moroccan,
RBA,|NL|Moroccan,
RBA,Mediterranean Ag,
RCB,Aluminum,
RDM,Forestry,
RDP,Shia|,
RDU,Academia,
RDU,Life sciences,
RDU,Loves DR x2|,
RDU,Telco,
REC,Logistics LATAM,
REC,Marine,
REC,Petrochemicals,
REC,Sugar,
REN,Aluminum,
RES,Agribusiness,
REX,Offshore Oil,
RGN,Drug trafficking,
RGN,Rice,
RGN,Textiles,
RHI,Maple Syrup,
RIC,Petrochemicals,
RIC,US Finance,
RIX,Paper & Furniture,Riga
RJ1,Aerospace,Chōfu
RJK,Mediterranean Black Sea,
RKT,|AE|Malayali,
RKV,Geothermal,
RMO,Mediterranean Ag,
RNO,Casinos,
RNO,Gold,Reno
RNO,SoCal NoCal,
ROC,|US|Somali,
ROC,Healthcare,
ROC,Loves DR x2|,
ROS,Loves Florianopolis x2|,
ROS,Ranching,
ROV,Defense RU,
ROV,Grain Belt,
ROV,Logistics CIS,
ROW,UFOs,
RSA,Ranching,
RST,Nordic / Lutheran|,
RSW,Hispanic|,
RTM,|NL|Indonesian,
RTM,Global Logistics,
RTM,Logistics EU Med,
RUH,|SA|Bangladeshi,
RUH,|SA|Malayali,
RUH,|SA|Pakistani,
RUH,Logistics MEA,
RUH,Petrochemicals,
RUT,Dairy,
RVN,Santa,
SA3,Offshore Oil,oil platform
SAB,LNG,
SAF,Hispanic|,
SAH,Shia|,
SAI,Chinese Tourism|,
SAL,|US|Salvadoran,
SAL,Logistics NAC,
SAL,Paper & Furniture,
SAN,|US|Guerrero & Oaxaca,
SAN,|US|Iranian,
SAN,|US|Samoan,
SAN,Defense,
SAN,Life sciences,
SAN,SoCal NoCal,
SAP,Spices / Tropical Ag,
SAT,Defense,
SAT,Healthcare,
SAT,Hispanic|,
SAT,Ranching,
SAV,Golf,
SAV,Logistics NAC,
SAV,Loves DR x2|,
SAW,|TR|Iraqi,
SAW,Footwear,
SAW,Steel,
SAW,Textiles,
SBA,Academia,Caltech
SBA,Offshore Oil,
SBD,|US|Guerrero & Oaxaca,
SBD,SoCal NoCal,
SBL,Gemstones,
SBN,Academia,Notre Dame
SBW,Paper & Furniture,
SBY,Aerospace,
SCC,LNG,
SCE,Academia,State College
SCK,Mediterranean Ag,
SCL,|CL|Haitian,
SCL,Colonial ties bind,
SCL,Copper,Santiago Chile
SCL,Logistics LATAM,
SCN,Wind Energy,
SCO,Oil,
SCO,Uranium,Aktau
SDF,Academia,
SDF,Appliances,GE HQ
SDF,Global Logistics,
SDF,Logistics NAC,
SDF,Loves DR x2|,
SDF,Whiskey,
SDJ,Appliances,
SDQ,Footwear,
SDQ,Gold,
SDQ,Spices / Tropical Ag,
SDU,Coffee,
SDU,Heavy industry,
SDU,Logistics LATAM,
SDU,Offshore Oil,
SEA,|US|Chinese,
SEA,|US|Indian,
SEA,|US|Samoan,
SEA,|US|Somali,
SEA,|US|Vietnamese,
SEA,Aerospace,
SEA,Arctic Fishing,
SEA,Coffee,
SEA,Software,
SFJ,Santa,
SFN,Grain Belt,
SFO,|US|Bengali,
SFO,|US|Chinese,
SFO,|US|Indian,
SFO,|US|Jewish,
SFO,Cantonese|,
SFO,High finance,
SFO,SoCal NoCal,
SFO,Software,
SFO,US Finance,
SGN,|AU|Vietnamese,
SGN,|JP|Vietnamese,
SGN,|US|Vietnamese,
SGN,Coffee,
SGN,CPG & Retail,
SGN,Footwear,
SGN,Textiles,
SHA,|AU|Chinese,
SHA,|CA|Chinese,
SHA,|ID|Chinese,
SHA,|TH|Chinese,
SHA,|US|Chinese,
SHA,Chinese Tourism|,
SHA,Pharma,
SHA,Renewable Energy,
SHA,Semiconductors,
SHA,Steel,
SHC,Aerospace,
SHE,Chinese Tourism|,
SHE,Paper & Furniture,Shenyang
SHE,Steel,
SHJ,|AE|Malayali,
SHJ,Marine,
SHV,Oil,
SIN,|SG|Marathi,
SIN,Electronics,
SIN,Global Logistics,
SIN,High finance,
SIN,Life sciences,
SIN,Logistics APAC,
SIN,Semiconductors,
SIN,Telco,
SIP,|RU|Armenian,
SIP,Defense RU,
SIT,Arctic Fishing,
SJC,|US|Bengali,
SJC,|US|Chinese,
SJC,|US|Indian,
SJC,Academia,
SJC,Apple,
SJC,Hispanic|,
SJC,Renewable Energy,
SJC,Semiconductors,
SJC,SoCal NoCal,
SJC,Software,
SJO,Spices / Tropical Ag,
SJT,Cotton,
SJU,Logistics NAC,
SJU,Pharma,
SKD,Cotton,
SKG,Heavy industry,
SKG,Marine,
SKG,Mediterranean Ag,
SKT,Rice,
SKT,Toys,
SKZ,Agriculture,
SLA,UFOs,Cachi AR
SLA,Uranium,
SLA,Viticulture,
SLC,|CL|Colombian,
SLC,|CL|Samoan,
SLC,|CL|Venezuelan,
SLC,Copper,
SLC,US Finance,
SLI,Copper,Solwesi Zambia
SLK,Maple Syrup,
SLL,|OM|Malayali,
SLW,Automotive,
SLY,Russian Vacay Destination x2|,
SLZ,Agribusiness,
SMF,|US|Guerrero & Oaxaca,
SMF,Dairy,
SMF,Mediterranean Ag,
SMF,Rice,
SMF,SoCal NoCal,
SMR,Drug trafficking,
SMR,Marine,
SMX,Aerospace,
SNA,|US|Iranian,
SNA,|US|Jewish,
SNA,|US|Samoan,
SNA,|US|Vietnamese,
SNA,Academia,USC
SNA,Defense,
SNA,Hispanic|,
SNA,SoCal NoCal,
SNN,|US|Irish American,
SNN,Dairy,
SNP,Arctic Fishing,AK
SOF,Agribusiness,
SOF,Loves Kavala x2|,
SOF,Software,
SON,Pacific Fishing,
SOQ,Nickel,
SOU,UFOs,Stonehenge
SP1,Academia,
SPI,Grain Belt,
SPS,Ranching,
SPX,UFOs,
SRE,Zinc-lead,
SSA,Petrochemicals,
SSA,Sugar,
SSG,Offshore Oil,
SSH,Russian Vacay Destination x2|,
STL,CPG & Retail,
STL,Healthcare,
STL,Logistics NAC,
STL,Pharma,
STM,Amazonia,
STM,Spices / Tropical Ag,
STN,|GB|Indian,
STR,|DE|Serbian,
STR,Automotive,
STR,Loves Bolzano x2|,
STR,Paper & Furniture,Stuttgart
STR,Pharma,
STS,|US|Guerrero & Oaxaca,
STS,Geothermal,The Geysers
STS,SoCal NoCal,
STS,Viticulture,
STV,|KE|Gujarati,
STV,Dairy,
STV,Diamonds,
STW,Defense RU,
SUB,|ID|Chinese,
SUB,|ID|Tamil,
SUB,|NL|Indonesian,
SUB,Logistics APAC,
SUB,Nickel,
SUB,Oil,Cepu Block
SUB,Oil Refining,
SUJ,Appliances,
SUV,Pacific Fishing,
SVC,Copper,
SVG,Offshore Oil,
SVG,Paper & Furniture,
SVO,|RU|Armenian,
SVO,Defense RU,
SVO,LNG,
SVO,Oil,
SVO,Russian Vacay Destination x2|,
SVO,Software,
SVO,Sunni|,
SVX,Gold,
SVX,Russian Vacay Destination x2|,
SVX,Steel,
SW1,Banking,
SXB,|FR|Polish,
SXR,Sunni|,
SXR,Sunni|,
SYD,|AU|Chinese,
SYD,|AU|Greek,
SYD,|AU|Indian,
SYD,|AU|Vietnamese,
SYD,Banking,
SYD,Footie Traffic x2,
SYD,Logistics APAC,
SYD,Surfing,
SYK,Spices / Tropical Ag,
SYX,Russian Vacay Destination x2|,
SZB,|MY|Malayali,
SZX,Apple,
SZX,Banking,
SZX,Cantonese|,
SZX,Chinese Tourism|,
SZX,Electronics,
SZX,Global Logistics,
SZX,Industrial automation,
SZX,Renewable Energy,
TAC,Sugar,
TAE,Healthcare,
TAM,Copper,
TAM,Offshore Oil,
TAM,UFOs,
TAM,UFOs,
TAO,|AU|Chinese,
TAO,|CA|Chinese,
TAO,|ID|Chinese,
TAO,|TH|Chinese,
TAO,|US|Chinese,
TAO,Appliances,Haier HQ
TAO,Chinese Tourism|,
TAO,Marine,
TAO,Seafood,
TAS,Logistics CIS,
TAS,Textiles,
TBS,Logistics EU Med,
TBS,Viticulture,
TBT,Amazonia,
TBZ,|DE|Iranian,
TBZ,|TR|Iranian,
TBZ,|US|Iranian,
TBZ,Cotton,
TBZ,Heavy industry,
TCA,Gold,Wau (Granites Mine) Northern Territory
TCA,UFOs,Wycliffe Well
TCO,Drug trafficking,
TCR,|AE|Tamil,
TCR,|ID|Tamil,
TCR,|MY|Tamil,
TCR,Indian Ocean Fishing,
TET,Logistics MEA,
TEZ,Sunni|,
TFF,Amazonia,
TFN,British Sunny Vacay x2|,
TFS,British Sunny Vacay x2|,
TFU,|AU|Chinese,
TFU,|CA|Chinese,
TFU,|ID|Chinese,
TFU,|TH|Chinese,
TFU,|US|Chinese,
TFU,Agribusiness,
TFU,Chinese Tourism|,
TFU,Semiconductors,
TGU,Coffee,
TGZ,Coffee,
THL,Drug trafficking,
THR,|DE|Iranian,
THR,|TR|Iranian,
THR,|US|Iranian,
THR,Logistics MEA,
TIA,Footwear,
TIF,|AE|Pakistani,
TIF,|SA|Pakistani,
TIF,|UK|Pakistani,
TIF,|US|Pakistani,
TIR,|CA|Telugu,
TIV,Mediterranean Black Sea,
TKG,Geothermal,
TKU,Forestry,Turku
TLE,Indian Ocean Fishing,
TLH,Academia,
TLL,Telco,
TLN,|FR|Algerian x2,
TLQ,Cotton,
TLS,|FR|Algerian x2,
TLS,|FR|Moroccan,
TLS,Aerospace,
TLV,|FR|Jewish,
TLV,|IE|Ethiopian,
TLV,|IE|Filipino,
TLV,|UK|Jewish,
TLV,|US|Jewish,
TLV,Defense,
TLV,Diamonds,
TLV,Horticulture,
TLV,Software,
TMC,Nickel,
TMT,Amazonia,
TNA,Aluminum,
TNA,Automotive,
TNA,Chinese Tourism|,
TNE,Aerospace,
TNG,Logistics EU Med,
TNG,Textiles,
TNH,Gold,
TNR,Agriculture,
TOS,Atlantic Fishing,
TOS,Defense,
TOS,Renewable Energy,
TOY,Rice,
TPA,Golf,
TPA,Healthcare,
TPA,Logistics NAC,
TPA,Software,
TPE,Electronics,
TPE,HK Taiwan Kinship|,
TPE,Semiconductors,
TRD,Nordic Ski 2 City x2,
TRD,Software,
TRF,Santa,
TRG,Horticulture,
TRN,|IT|Romanian,
TRN,Automotive,
TRN,Healthcare,
TRS,Marine,
TRU,Coffee,
TRU,Copper,Trujillo Peru
TRV,|AE|Malayali,
TRV,|MY|Malayali,
TRV,|OM|Malayali,
TRV,|SA|Malayali,
TRV,Healthcare,
TRV,Software,
TRZ,|AE|Tamil,
TRZ,|ID|Tamil,
TRZ,|MY|Tamil,
TSA,Semiconductors,
TSF,|IT|Romanian,
TSF,CPG & Retail,
TSN,Automotive,
TSN,Logistics APAC,
TSN,Petrochemicals,
TSN,Semiconductors,
TSS,Banking,
TSS,High finance,
TSV,Copper,
TSV,Nickel,
TTG,Sugar,
TTN,Academia,Rutgers University
TTU,Drug trafficking,
TUC,Agribusiness,
TUL,Aerospace,
TUL,LNG,
TUL,Oil,
TUL,Oil Fracking,
TUN,|FR|Tunisian x2,
TUN,Automotive,
TUN,Logistics EU Med,
TUN,Mediterranean Ag,
TUR,Amazonia,
TUS,Defense,
TUS,Gemstones,
TUS,Golf,
TUS,Hispanic|,
TXK,Wind Energy,
TYN,Toys,
TYS,Academia,
TZX,Horticulture,
TZX,Mediterranean Black Sea,
UBN,Gold,
UBN,Ranching,
UDI,Dairy,
UDI,Logistics LATAM,
UDR,Sugar,
UDR,Zinc-lead,Rampura Agucha
UET,Pashto|,
UFA,Oil Refining,
UFA,Petrochemicals,
UFA,Russian Vacay Destination x2|,
UGO,Coffee,
UIO,|ES|Ecuadorian,
UIO,|US|Ecuadorian,
UIO,Coffee,
UIO,Horticulture,
UIO,Paper & Furniture,Quito
UKB,CPG & Retail,
UKB,Heavy industry,
UKB,Life sciences,
UKB,Rice,
UME,Forestry,Umeå
UPG,|ID|Chinese,
UPG,Marine,
UPG,Nickel,
UPN,|US|Jalisco & Michoacán,
URA,Oil,
URC,Aluminum,
URC,Cotton,
URC,Oil,
URC,Sunni|,
USK,Russian Vacay Destination x2|,
USN,Oil Refining,
UTH,Rice,
UTP,|TH|Chinese,
UTP,Appliances,
UTP,Russian Vacay Destination x2|,
UUD,Gold,Ulan-Ude (Transbaikal) Russia
UUS,Defense RU,
UUS,Gold,Yuzhno-Sakhalinsk (Kurils) Russia
UUS,LNG,
UUS,Oil,
VAA,Forestry,Vaasa
VAR,Casinos,
VCE,Marine,
VCP,|US|Brazilian,
VCP,Logistics LATAM,
VCP,Petrochemicals,
VER,Offshore Oil,
VER,Offshore Oil,
VER,Petrochemicals,
VGA,|CA|Telugu,
VGO,Atlantic Fishing,
VHM,Zinc-lead,
VIE,Life sciences,
VIE,Pharma,
VII,Seafood,
VIX,Marine,
VKO,CPG & Retail,
VKO,Defense RU,
VKO,LNG,
VKO,Logistics CIS,
VKO,Oil,
VKO,Russian Vacay Destination x2|,
VKT,Russian Vacay Destination x2|,
VLC,Logistics EU Med,
VLC,Mediterranean Black Sea,
VNO,Renewable Energy,
VOG,Heavy industry,
VRA,Drug trafficking,
VRA,Sugar,
VRN,Agribusiness,
VRN,Viticulture,
VST,Forestry,Västerås
VST,Industrial automation,
VTE,Logistics APAC,
VTZ,|CA|Telugu,
VTZ,Rice,
VUP,Drug trafficking,
VVI,|BR|Bolivian,
VVI,|MX|Bolivian,
VVO,Arctic Fishing,
VVO,Defense RU,
VVO,Forestry,Vladivostok
VVO,Logistics CIS,
VVO,Marine,
VXC,Agriculture,
WAG,Defense,
WAG,Horticulture,
WAG,Viticulture,
WAW,|IE|Polish,
WAW,|US|Polish,
WAW,CPG & Retail,
WAW,Heavy industry,
WDH,Gold,Windhoek
WDH,Ranching,
WDH,Uranium,Windhoek (Eros)
WJU,Healthcare,
WLG,|NZ|Samoan,
WLG,Pacific Fishing,
WNH,Aluminum,
WNS,Cotton,
WNZ,Aluminum,
WNZ,Footwear,
WNZ,Toys,
WRE,Geothermal,Kawerau geothermal power station
WRO,CPG & Retail,
WRO,Electronics,
WTK,Zinc-lead,Red Dog
WUH,|AU|Chinese,
WUH,|CA|Chinese,
WUH,|ID|Chinese,
WUH,|TH|Chinese,
WUH,|US|Chinese,
WUH,Automotive,
WUH,Chinese Tourism|,
WUH,Cotton,
WUX,Chinese Tourism|,
WUX,Pharma,
WUX,Renewable Energy,
WUX,Rice,
WUX,Textiles,
WVB,Uranium,Swakopmund
WXN,Aluminum,
XAP,Paper & Furniture,
XFN,Automotive,
XIY,Aerospace,
XIY,Chinese Tourism|,
XIY,Logistics APAC,
XIY,Software,
XMN,|AU|Chinese,
XMN,|CA|Chinese,
XMN,|ID|Chinese,
XMN,|TH|Chinese,
XMN,|US|Chinese,
XMN,Chinese Tourism|,
XMN,Electronics,
XMN,Sugar,
XMN,Textiles,
XNA,Appliances,
XNA,CPG & Retail,
XNN,Heavy industry,
XUZ,Heavy industry, SANY Heavy Industry
XWA,Oil Fracking,Williston
YAM,Heavy industry,
YAP,Pacific Fishing,
YAT,Gold,Attawapiskat (De Beers Victor Mine) Ontario
YBC,Aluminum,
YBC,Forestry,Baie-Comeau
YBC,Francophonie|,
YBG,Aluminum,
YBG,Francophonie|,
YBG,Maple Syrup,
YBR,Grain Belt,
YBR,Ranching,
YBY,Oil Fracking,
YCB,Academia,
YCG,Horticulture,
YCL,Francophonie|,
YDN,Grain Belt,
YDN,Grain Belt,
YDP,Nickel,
YEG,LNG,
YEG,Loves Cancun x2|,
YEG,Oil Fracking,
YEI,Appliances,Beko
YFB,Loves Arctic|,
YFB,Santa,
YGP,Francophonie|,
YHM,|CA|Chinese,
YHM,Logistics NAC,
YHM,Loves Cancun x2|,
YHM,Steel,
YHU,Forestry,Saint-Hubert
YHU,Francophonie|,
YHU,Maple Syrup,
YHU,UFOs,Raëlism HQ
YHZ,Atlantic Fishing,
YHZ,Marine,
YHZ,Renewable Energy,
YIA,Tea,
YIH,Logistics APAC,
YIN,Gold,Yining (various mines) Xinjiang
YIN,Zinc-lead,
YIW,Toys,
YKM,|US|Jalisco & Michoacán,
YKS,Diamonds,
YKS,Gold,
YLW,Gold,Kelowna (B.C. mines) British Columbia
YLW,Viticulture,Kelowna
YMJ,Uranium,Moose Jaw
YMM,Nickel,
YMM,Oil Fracking,Athabasca
YMS,Zinc-lead,
YMS,Zinc-lead,
YMT,Francophonie|,
YNT,Aluminum,
YOW,Bureaucracy,
YOW,Defense,
YOW,Gold,Ottawa (Canadian HQs) Ontario
YOW,Loves Cancun x2|,
YOW,NA Capitols|,
YPE,Oil Fracking,
YPY,Forestry,
YQB,Aluminum,
YQB,Francophonie|,
YQB,Gold,Quebec City (Canadian HQs) Quebec
YQB,Loves Cancun x2|,
YQB,Maple Syrup,
YQB,Software,
YQG,Automotive,
YQL,Ranching,
YQL,Ranching,
YQR,Arctic Oil,Estevan Saskatchewan
YQR,Grain Belt,
YQR,Logistics NAC,
YQR,Ranching,
YQR,Uranium,Regina
YQT,Platinum,
YQU,Oil Fracking,Grande Prairie Canada
YQX,LNG,
YQY,Atlantic Fishing,
YRJ,Francophonie|,
YRJ,Maple Syrup,
YSB,Nickel,
YSB,Platinum,
YTF,Francophonie|,
YTM,Francophonie|,
YTS,Francophonie|,
YTS,Gold,
YTS,Nickel,
YTY,Agriculture,
YTY,Toys,
YTZ,Banking,
YTZ,CPG & Retail,
YTZ,High finance,
YTZ,Logistics NAC,
YUL,|CA|Algerian,
YUL,|CA|Haitian,
YUL,|CA|Moroccan,
YUL,Aerospace,
YUL,Banking,
YUL,Francophonie|,
YUL,Logistics NAC,
YUL,Loves Cancun x2|,
YUL,Software,
YUM,Hispanic|,
YUM,Horticulture,
YUY,Copper,
YUY,Francophonie|,
YVO,Francophonie|,
YVO,Gold,
YVR,|CA|Bengali,
YVR,|CA|Chinese,
YVR,|CA|Punjabi,
YVR,Arctic Fishing,
YVR,Cantonese|,
YVR,Copper,Vancouver Canada
YVR,Gold,Vancouver
YVR,Software,
YW9,Academia,
YWB,Nickel,
YWB,Platinum,
YWG,Agribusiness,
YWG,Grain Belt,
YWG,Healthcare,
YWG,Loves Cancun x2|,
YWG,Ranching,
YXC,Forestry,Cranbrook
YXC,Gemstones,
YXC,Grain Belt,
YXE,Arctic Oil,
YXE,Gold,
YXE,Ranching,
YXE,Uranium,Saskatoon
YXH,LNG,
YXJ,Arctic Oil,Fort St. John Canada
YXK,Francophonie|,
YXS,Forestry,Prince George
YXT,Aluminum,
YXU,Automotive,
YXU,Loves Cancun x2|,
YXU,Oil Fracking,
YXU,Rare earths,
YXU,Renewable Energy,
YXX,Grain Belt,
YXY,Gold,Whitehorse (Yukon mines) Yukon
YXY,Loves Arctic|,
YXY,Loves Cancun x2|,
YXY,Uranium,Whitehorse
YYB,Forestry,North Bay
YYC,|CA|Chinese,
YYC,|CA|Punjabi,
YYC,Loves Cancun x2|,
YYC,Oil,Calgary Canada
YYC,Oil Fracking,Calgary Canada
YYC,Telco,
YYE,Arctic Oil,
YYE,Forestry,Fort Nelson
YYF,Gold,Penticton (B.C. mines) British Columbia
YYG,Atlantic Fishing,
YYG,Wind Energy,
YYJ,Academia,
YYJ,Defense,
YYJ,Marine,
YYR,Defense,
YYR,Forestry,
YYT,Arctic Oil,
YYT,Atlantic Fishing,
YYY,Francophonie|,
YYZ,|CA|Bengali,
YYZ,|CA|Chinese,
YYZ,|CA|Punjabi,
YYZ,|CA|Telugu,
YYZ,Banking,
YYZ,Entertainment,
YYZ,High finance,
YYZ,Loves Cancun x2|,
YYZ,Software,
YZF,Gold,Yellowknife (Diavik/Ekati) Northwest Territories
YZF,Loves Arctic|,
YZP,Forestry,Sandspit
YZV,Aluminum,
YZV,Francophonie|,
ZAG,Logistics EU Med,
ZBF,Francophonie|,
ZCL,|US|Durango & Zacatecas,
ZHA,Heavy industry,
ZHA,Marine,
ZHA,Offshore Oil,
ZHA,Sugar,Zhanjiang
ZIH,|US|Guerrero & Oaxaca,
ZLO,|US|Jalisco & Michoacán,
ZNE,Copper,Newman
ZNE,Rare earths,
ZQN,Viticulture,
ZRH,Banking,
ZRH,Bureaucracy,
ZRH,High finance,
ZRH,Pharma,
ZUH,Rare earths,Zhuhai